{"tv_S": 0.6838494982490241, "ooh_S": 0.28992322875206233, "print_S": 0.2175469947306303, "facebook_S": 0.27826920348744416, "search_S": 0.15585657556109328, "newsletter": 0.33966577704842754}